english,sesotho,source
Take this medication exactly as prescribed by your doctor.,Nka meriana ena hantle feela joalokaha ngaka e u laetse.,back_translation
Do not take more than the recommended dose in 24 hours.,U se ke ua nka tekanyo e fetang e khothalletsoang ka lihora tse 24.,back_translation
Swallow the tablet whole with a full glass of water.,Komela letlapa lohle ka khalase e tletseng metsi.,back_translation
Do not crush or chew extended-release tablets.,U se ke ua silafatsa kapa ua hlafuna lipilisi tse nang le tokollo e eketsehileng.,back_translation
Take this medicine with food to reduce stomach upset.,Nka moriana ona hammoho le lijo ho fokotsa ho teneha ha mpa.,back_translation
Take this medicine on an empty stomach for best absorption.,Nka moriana ona ka mpeng e se nang letho e le hore u o nke hantle.,back_translation
Store this medication at room temperature away from heat and moisture.,"Boloka meriana ena mocheso oa kamore, u se ke ua e fumana mocheso le mongobo.",back_translation
Keep all medications out of reach of children and pets.,Boloka meriana eohle e sa fumanehe ho bana le liphoofolo tse ruuoang lapeng.,back_translation
Do not share your medication with other people.,U se ke ua bolella batho ba bang meriana ea hao.,back_translation
Check the expiry date before taking any medication.,Hlahloba letsatsi la ho felloa ke nako pele u noa meriana leha e le efe.,back_translation
Dispose of expired medications safely at a pharmacy.,Lahla meriana e felletsoeng ke nako ka tsela e sireletsehileng ka lebenkeleng la meriana.,back_translation
Do not flush medications down the toilet unless instructed.,U se ke ua lahlela meriana ea hao ka kamoreng ea ho hlapela ntle le haeba u laetsoe.,back_translation
"If you miss a dose, take it as soon as you remember.","Haeba u hloloheloa tekanyetso, e nke hang ha u hopola.",back_translation
"If it is almost time for your next dose, skip the missed dose.","Haeba e se e le nako ea hore u noe tekanyetso e latelang, u se ke ua noa tekanyetso eo u sa kang ua e noa.",back_translation
Never double your dose to make up for a missed one.,Le ka mohla u se ke ua imetsa tekanyo ea hao ka makhetlo a mabeli e le hore u etse hore e be ea bohlokoa.,back_translation
Tell your doctor about all other medications you are currently taking.,Bolella ngaka ea hao ka meriana eohle eo u e nkang hona joale.,back_translation
Some medications can interact with herbal supplements.,Lithethefatsi tse ling li ka sebelisana le litlama.,back_translation
Alcohol can increase the side effects of some medications.,Joala bo ka eketsa litla-morao tsa meriana e meng.,back_translation
Do not stop taking your medication without consulting your doctor.,U se ke ua khaotsa ho noa meriana ea hao ntle le ho buisana le ngaka ea hao.,back_translation
Stopping antibiotics early can cause the infection to return.,Ho khaotsa ho sebelisa lithibela-mafu kapele ho ka etsa hore tšoaetso e khutlele.,back_translation
Complete the full course of antibiotics even if you feel better.,Tlatsa meriana eohle ea lithibela-mafu esita le haeba u ikutloa u le betere.,back_translation
Some medications cause drowsiness — do not drive after taking them.,Meriana e meng e baka boroko  u se ke ua khanna ka mor'a ho e noa.,back_translation
This medication may cause sensitivity to sunlight.,Meriana ena e ka 'na ea etsa hore motho a ikutloe a sa sireletseha letsatsing.,back_translation
Apply sunscreen when using medications that increase sun sensitivity.,Sebelisa setlolo se sireletsang letsatsi ha u sebelisa meriana e eketsang kutloisiso ea hao letsatsing.,back_translation
Shake the liquid medication well before each use.,Tšosa meriana e metsi hantle pele u e sebelisa.,back_translation
Use the measuring spoon provided — do not use a kitchen spoon.,Sebelisa sekotlolo sa ho lekanya ha feela u sa sebelise sekotlolo sa kichineng.,back_translation
Measure liquid medications carefully to avoid overdose.,Hlahloba meriana e nang le metsi ka hloko e le hore u qobe ho e sebelisa ka tekanyo e feteletseng.,back_translation
Store insulin in the refrigerator but never freeze it.,Boloka insulin ka sehatsetsing empa u se ke ua e beha ka sehatsetsing.,back_translation
Allow insulin to reach room temperature before injecting.,Lumella insulin hore e fihle mocheso oa kamore pele e kenngoa.,back_translation
Rotate injection sites to prevent skin thickening.,Fetolela libaka tsa ente e le hore letlalo le se ke la ata.,back_translation
"Apply the patch to clean, dry, hairless skin.","Sebelisa setlolo sena letlalong le hloekileng, le omileng, le se nang moriri.",back_translation
Remove the old patch before applying a new one.,Tlosa sekhomaretsi sa khale pele u se sebelisa.,back_translation
Wash your hands before and after applying topical medication.,Hlatsoa matsoho pele le ka mor'a hore u sebelise meriana ea sebakeng seo.,back_translation
Do not apply topical medication to broken or irritated skin.,U se ke ua sebelisa meriana ea sebakeng seo letlalong le robehileng kapa le halefileng.,back_translation
Eye drops should not touch the eye surface directly.,Marotholi a mahlo ha aa lokela ho ama sefahleho sa mahlo ka kotloloho.,back_translation
Tilt your head back and pull down the lower eyelid to apply eye drops.,Beha hlooho ea hao ka morao 'me u theohele ka tlaase ho lesela la leihlo ho sebelisa marotholi a mahlo.,back_translation
Wait at least five minutes between different eye drop medications.,Ema bonyane metsotso e mehlano pakeng tsa meriana e fapaneng ea ho khaotsa ho noa.,back_translation
Ear drops should be warmed to body temperature before use.,Ho lokela ho futhumatsoa marotholi a tsebe ho fihlela mocheso oa 'mele pele a sebelisoa.,back_translation
Lie on your side for five minutes after applying ear drops.,Robala ka lehlakoreng la hao metsotso e mehlano ka mor'a hore u sebelise litlhapi tsa litsebe.,back_translation
Nasal sprays should be directed away from the nasal septum.,Li-spray tsa nko li lokela ho lebisoa hōle le nko ea nko.,back_translation
Inhaled medications must be used with the correct technique.,Meriana e kenang ka hare e lokela ho sebelisoa ka mokhoa o nepahetseng.,back_translation
Rinse your mouth after using a steroid inhaler.,Hlatsoa molomo ka mor'a hore u sebelise inhaler ea steroid.,back_translation
Use a spacer with your metered-dose inhaler for better delivery.,Sebelisa sebaka se nang le mochine oa ho hema o nang le litekanyetso tse lekantsoeng e le hore u fumane nako e molemo ea ho pepa.,back_translation
Keep your inhaler clean and dry at all times.,Boloka mochine oa hao oa ho hema o hloekile ebile o omme ka linako tsohle.,back_translation
Check that your inhaler is not empty before use.,Etsa bonnete ba hore ha u e-s'o sebelise setlolo sa hau sa ho hema.,back_translation
Suppositories should be stored in a cool place.,Li-suppositories li lokela ho bolokoa sebakeng se pholileng.,back_translation
Wash hands thoroughly after handling suppositories.,Hlatsoa matsoho ka hloko ka mor'a hore u sebelise li-suppositori.,back_translation
Some antibiotics reduce the effectiveness of oral contraceptives.,Lithibela-mafu tse ling li fokotsa katleho ea lithibela-mafu tse sebelisoang ka molomo.,back_translation
Tell your doctor if you are pregnant before starting any medication.,Bolella ngaka ea hao haeba u imme pele u qala meriana leha e le efe.,back_translation
Some medications are not safe to take during breastfeeding.,Meriana e meng ha e bolokehe ho e noa nakong ea ho anyesa.,back_translation
Report any allergic reaction to medication immediately.,Tlaleha kapele ka karabelo leha e le efe e sa tloaelehang ea meriana.,back_translation
"Signs of allergic reaction include rash, swelling, and difficulty breathing.","Matšoao a ho tepella ho feteletseng a kenyelletsa ho tsoa ha letlalo, ho ruruha le ho hema ka thata.",back_translation
Seek emergency care if you experience severe chest pain after taking medication.,Batla thuso ea tšohanyetso haeba u e-na le bohloko bo matla sefubeng ka mor'a ho noa meriana.,back_translation
Do not take aspirin for fever in children under 16 years.,U se ke ua noa aspirin bakeng sa feberu ho bana ba ka tlaase ho lilemo tse 16.,back_translation
Paracetamol is safe for fever in children when given at the correct dose.,Paracetamol e bolokehile bakeng sa feberu ho bana ha e fuoa ka tekanyo e nepahetseng.,back_translation
Calculate the correct dose of children's medicine based on body weight.,Hlahloba tekanyo e nepahetseng ea meriana ea bana e itšetlehileng ka boima ba 'mele.,back_translation
Read the package insert carefully before taking any new medication.,Bala lethathamo la meriana ka hloko pele u noa meriana leha e le efe e ncha.,back_translation
Ask your pharmacist if you do not understand the dosage instructions.,Botsa setsebi sa hau sa meriana haeba u sa utloisise litaelo tsa litekanyetso.,back_translation
Keep a list of all your medications and carry it with you.,Boloka lethathamo la meriana eohle ea hao 'me u e nke le uena.,back_translation
Inform your dentist about all medications you are taking.,Bolella ngaka ea meno ka meriana eohle eo u e nkang.,back_translation
Some medications can affect the results of blood tests.,Meriana e meng e ka ama liphello tsa liteko tsa mali.,back_translation
Inform your doctor about any medications before having surgery.,Bolella ngaka ea hao ka meriana leha e le efe pele u buuoa.,back_translation
Do not take iron supplements with dairy products.,U se ke ua nka lisebelisoa tsa tšepe hammoho le lihlahisoa tsa lebese.,back_translation
Take calcium supplements at a different time from iron supplements.,Nka li-supplement tsa calcium ka nako e fapaneng le ea tšepe.,back_translation
Some medications must be taken at the same time every day.,Meriana e meng e lokela ho nooa ka nako e tšoanang letsatsi le letsatsi.,back_translation
Set a daily alarm to help you remember to take your medication.,Beha alamo ea letsatsi le letsatsi e tla u thusa ho hopola ho noa meriana ea hao.,back_translation
A pill organizer can help you track your daily medications.,Mookameli oa lipilisi a ka u thusa hore u latele meriana ea hao ea letsatsi le letsatsi.,back_translation
Metformin should be taken with meals to reduce nausea.,Metformin e lokela ho nooa hammoho le lijo ho fokotsa ho teneha.,back_translation
Statins are usually taken at night for best effect.,Hangata li-statin li nooa bosiu e le hore li ka ba le phello e ntle.,back_translation
Blood pressure medication works best when taken at the same time daily.,Meriana ea khatello ea mali e sebetsa hantle ha e nooa ka nako e tšoanang letsatsi le letsatsi.,back_translation
Thyroid medication should be taken first thing in the morning on an empty stomach.,Meriana ea tšilo ea qoqotho e lokela ho nooa hoseng ka mpeng e se nang letho.,back_translation
Warfarin requires regular blood tests to monitor your INR level.,Warfarin e hloka ho hlahlojoa mali khafetsa ho lekola boemo ba hau ba INR.,back_translation
Avoid foods high in vitamin K while taking warfarin.,Qoba lijo tse nang le vithamine K ha u ntse u noa warfarin.,back_translation
Do not take ibuprofen if you have kidney disease.,U se ke ua noa ibuprofen haeba u na le lefu la liphio.,back_translation
Avoid NSAIDs if you have a history of stomach ulcers.,Qoba li-NSAID haeba u e-na le sefuba sa mpa.,back_translation
Antacids can reduce the absorption of some antibiotics.,Li-antacid li ka fokotsa ho monngoa ha lithibela-mafu tse ling.,back_translation
Take antibiotics at evenly spaced intervals throughout the day.,Nka lithibela-mafu ka nako e lekanang ho pholletsa le letsatsi.,back_translation
Some medications require you to avoid grapefruit juice.,Meriana e meng e hloka hore u qobe lero la grapefruit.,back_translation
Grapefruit juice can increase the level of some drugs in your blood.,Metsi a morara a ka eketsa litekanyetso tsa lithethefatsi tse ling maling a hao.,back_translation
Pregnant women should attend at least eight antenatal visits.,Basali baimana ba lokela ho ea bonyane libokeng tse robeli tsa pele ho tsoalo.,back_translation
Start taking folic acid before you become pregnant.,Qala ho noa folic acid pele u ima.,back_translation
Take folic acid daily for the first three months of pregnancy.,Nka folic acid letsatsi le leng le le leng likhoeling tse tharo tsa pele tsa bokhachane.,back_translation
Folic acid reduces the risk of neural tube defects in the baby.,Folic acid e fokotsa kotsi ea hore lesea le be le bokooa ba methapo ea kutlo.,back_translation
Attend your first antenatal visit as early as possible in pregnancy.,E-ba teng ketelong ea hao ea pele ho tsoalo kapele kamoo ho ka khonehang nakong ea bokhachane.,back_translation
Iron supplements are recommended during pregnancy to prevent anaemia.,Ho kgothaletswa ho nka litlatsetso tsa tšepe nakong ea bokhachane e le hore ho se ke ha e-ba le mali.,back_translation
Calcium supplements support the baby's bone development.,Lisebelisoa tsa khalsiamo li thusa masea ho hōla masapo.,back_translation
Avoid alcohol completely during pregnancy.,Qoba joala ka ho feletseng nakong ea bokhachane.,back_translation
Do not smoke during pregnancy as it harms the baby.,U se ke ua tsuba nakong ea bokhachane kaha ho kotsi ho lesea.,back_translation
Avoid raw or undercooked meat during pregnancy.,Qoba nama e tala kapa e sa phehiloeng hantle nakong ea bokhachane.,back_translation
Do not eat unpasteurised cheese during pregnancy.,U se ke ua ja chisi e sa phekoloa nakong ea bokhachane.,back_translation
Listeria infection during pregnancy can harm the unborn baby.,Ho tšoaetsoa ke Listeria nakong ea bokhachane ho ka senya lesea le e-s'o tsoaloe.,back_translation
Sleep on your left side during the third trimester of pregnancy.,Robala ka lehlakoreng le letšehali nakong ea likhoeli tse tharo tsa bokhachane.,back_translation
Report any swelling of the face or hands during pregnancy to your doctor.,Tsebisa ngaka ea hao ka ho ruruha ha sefahleho kapa matsoho nakong ea bokhachane.,back_translation
High blood pressure during pregnancy can be dangerous.,Khatello e phahameng ea mali nakong ea bokhachane e ka ba kotsi.,back_translation
Pre-eclampsia requires immediate medical attention.,"Pele ho lefu la sethoathoa, ho hlokahala tlhokomelo e potlakileng ea bongaka.",back_translation
Attend all scheduled ultrasound scans during pregnancy.,E-ba teng litlhahlobong tsohle tse reriloeng tsa ultrasound nakong ea bokhachane.,back_translation
The baby's movements should be felt daily from 28 weeks.,"Ho tloha libekeng tse 28 ho ea pele, motsamao oa lesea o lokela ho bonoa letsatsi le leng le le leng.",back_translation
Report any reduction in baby movements to your midwife immediately.,Tsebisa mooki oa hao hang-hang ka phokotso leha e le efe ea motsamao oa lesea.,back_translation
Breastfeeding provides the best nutrition for newborn babies.,Ho anyesa masea ho fana ka phepo e nepahetseng ka ho fetisisa bakeng sa masea a sa tsoa tsoaloa.,back_translation
Breast milk contains antibodies that protect the baby from infection.,Lebese la 'mè le na le li-antibodies tse sireletsang lesea hore le se ke la tšoaetsoa.,back_translation
Breastfeed your baby exclusively for the first six months.,Fepa lesea la hao feela ka likhoeli tse tšeletseng tsa pele.,back_translation
Feed your baby on demand — at least eight times in 24 hours.,Fepa lesea la hao ha le batla  bonyane ka makhetlo a robeli ka lihora tse 24.,back_translation
Ensure the baby latches correctly to prevent nipple pain.,Etsa bonnete ba hore lesea le notlela hantle e le hore le se ke la utloa bohloko ba matsoele.,back_translation
"A good latch means the baby's mouth covers the areola, not just the nipple.","Ho koaloa hantle ho bolela hore molomo oa lesea o koahela areola, eseng feela sefubeng.",back_translation
Burp your baby after each feeding to release trapped air.,Hlatsoa lesea la hao ka mor'a ho fepa ho lokolla moea o koetsoeng.,back_translation
Introduce solid foods at six months alongside continued breastfeeding.,Qala ho ja lijo tse tiileng ka likhoeli tse tšeletseng hammoho le ho anyesa.,back_translation
Do not give honey to babies under one year of age.,U se ke ua fa masea a ka tlaase ho selemo mahe a linotši.,back_translation
Do not give cow's milk as the main drink before 12 months.,U se ke ua fana ka lebese la khomo e le seno se ka sehloohong pele ho likhoeli tse 12.,back_translation
Introduce one new food at a time to watch for allergic reactions.,Tlisa lijo tse ncha ka nako e le 'ngoe e le hore u shebe hore na u na le mafu a ho kula.,back_translation
Babies should sleep on their back to reduce the risk of sudden infant death.,Lesea le lokela ho robala ka mokokotlo e le hore le fokotse kotsi ea lefu la tšohanyetso la masea.,back_translation
Keep the baby's sleeping area free of pillows and loose bedding.,Boloka sebaka seo lesea le robalang ho sona se se na li-pillow le libethe tse lokolohileng.,back_translation
Do not share a bed with your baby if you smoke or drink alcohol.,U se ke ua robala le ngoana oa hao haeba u tsuba kapa u noa joala.,back_translation
Weigh your baby regularly to monitor healthy growth.,Hlahisa lesea la hao khafetsa e le hore le hōle hantle.,back_translation
A baby who is not gaining weight needs medical assessment.,Ngoana ea sa ntseng a nona o hloka ho hlahlojoa ke ngaka.,back_translation
All children should receive the full schedule of childhood vaccinations.,Bana bohle ba lokela ho fumana kemiso e feletseng ea liente tsa bongoana.,back_translation
The BCG vaccine protects against tuberculosis.,Ente ea BCG e sireletsa khahlanong le lefuba.,back_translation
The pentavalent vaccine protects against five serious diseases.,Ente ea pentavalent e sireletsa maloetse a mahlano a tebileng.,back_translation
The measles vaccine is given at nine months and 18 months.,Ente ea masepelo e fuoa likhoeli tse robong le likhoeli tse 18.,back_translation
The rotavirus vaccine prevents severe diarrhoea in infants.,Ente ea rotavirus e thibela ho ruruha ho matla masea.,back_translation
The pneumococcal vaccine protects against pneumonia and meningitis.,Ente ea pneumococcal e sireletsa khahlanong le tšoaetso ea matšoafo le meningitis.,back_translation
Bring your child's Road to Health booklet to every clinic visit.,Tlisa bukana ea Tsela ea Bophelo bo Botle ea ngoana oa hao ha a etela tleliniki e 'ngoe le e 'ngoe.,back_translation
Record all vaccinations in the child's health booklet.,Ngola likokoana-hloko tsohle bukeng ea bophelo bo botle ba ngoana.,back_translation
A child with a fever after vaccination can be given paracetamol.,Ngoana ea nang le feberu ka mor'a ho entoa a ka fuoa paracetamol.,back_translation
Mild redness at the injection site is normal after vaccination.,Bofubelu bo bobebe sebakeng sa ente bo tloaelehile ka mor'a ho entoa.,back_translation
Seek medical care if your child has a high fever after vaccination.,Batla tlhokomelo ea bongaka haeba ngoana oa hao a e-na le feberu e phahameng ka mor'a ho entoa.,back_translation
Oral rehydration solution prevents dehydration from diarrhoea.,Tharollo ea ho nosetsa metsi ka molomo e thibela ho senyeha ha metsi ka lebaka la letšollo.,back_translation
Give oral rehydration solution after every loose stool.,Fana ka tharollo ea ho nosetsa ka molomo ka mor'a hore setulo se lokolohe.,back_translation
Continue breastfeeding during diarrhoea illness.,Tsoela pele ho anyesa nakong ea lefu la letšollo.,back_translation
Zinc supplements reduce the duration of diarrhoea in children.,Lisebelisoa tsa zinki li fokotsa nako eo bana ba tšoaroang ke letšollo ka eona.,back_translation
Wash hands with soap after changing nappies.,Hlatsoa matsoho ka sesepa ka mor'a ho fetola masela.,back_translation
Clean the umbilical cord stump with clean water and keep it dry.,Hlatsoa mohala oa khoele ka metsi a hloekileng 'me u o boloke o omme.,back_translation
The umbilical cord stump falls off within two weeks.,Ho se ho fetile libeke tse peli feela ho se ho se ho se ho se ho se ho se ho se ho se ho se ho se ho se ho se ho se ho se ho se ho se ho se ho se ho se ho se ho se ho se ho se ho se ho se ho se ho se ho se ho se ho se ho se ho se ho se ho se ho se ho se ho se ho se ho se ho se ho se ho se ho se ho se ho se ho se ho se ho se ho se ho se ho se ho se ho se ho se ho se ho se ho se ho se ho,back_translation
Seek medical care if the umbilical cord stump becomes red or smells.,Batla thuso ea bongaka haeba molala oa mohala oa mokokotlo o fetoha o mofubelu kapa o nkha hampe.,back_translation
Newborns should be kept warm but not overheated.,Bana ba sa tsoa tsoaloa ba lokela ho futhumala empa ba se ke ba futhumala haholo.,back_translation
Skin-to-skin contact after birth helps regulate the baby's temperature.,Ho kopana ha letlalo le letlalo ka mor'a hore lesea le tsoaloe ho thusa ho laola mocheso oa lesea.,back_translation
Vitamin A supplementation is given to children every six months.,Bana ba fuoa vithamine ea A ka mor'a likhoeli tse tšeletseng.,back_translation
Deworming tablets are given to children over one year every six months.,Lipilisi tse senyang likokoanyana li fuoa bana ba lilemo li fetang selemo se le seng ka likhoeli tse tšeletseng.,back_translation
Growth monitoring detects malnutrition early.,Tlhokomelo ea kgolo e lemoha ho se je hantle ha lijo pele ho nako.,back_translation
A child with severe acute malnutrition needs urgent medical care.,Ngoana ea kulang haholo o hloka tlhokomelo ea bongaka ka potlako.,back_translation
Therapeutic feeding programmes treat severe malnutrition in children.,Mananeo a phekolo ea lijo a phekola ho se je hantle ho hoholo ha bana.,back_translation
Children with HIV should receive all routine vaccinations.,Bana ba nang le tšoaetso ea HIV ba lokela ho entoa kamehla.,back_translation
HIV-positive mothers can breastfeed if they are on antiretroviral therapy.,Bo-'mè ba nang le tšoaetso ea HIV ba ka anyesa haeba ba fuoa kalafo ea lithibela-mafu.,back_translation
Prevention of mother-to-child transmission reduces HIV in newborns.,Ho thibela ho fetisoa ha HIV ho tloha ho 'mè ho ea ho ngoana ho fokotsa HIV ho masea a sa tsoa tsoaloa.,back_translation
All pregnant women should be tested for HIV.,Basali bohle baimana ba lokela ho hlahlojoa hore na ba na le HIV.,back_translation
Start antiretroviral therapy immediately if you test HIV positive during pregnancy.,Qala kalafo ea antiretroviral hang-hang haeba u e-na le teko ea HIV nakong ea bokhachane.,back_translation
Nevirapine syrup is given to HIV-exposed newborns after birth.,Nevirapine syrup e fuoa masea a sa tsoa tsoaloa a nang le HIV ka mor'a hore a tsoaloe.,back_translation
All HIV-exposed infants should be tested at six weeks of age.,Bana bohle ba nang le tšoaetso ea HIV ba lokela ho hlahlojoa ha ba le libeke tse tšeletseng.,back_translation
Cotrimoxazole prophylaxis protects HIV-exposed infants from infections.,Cotrimoxazole prophylaxis e sireletsa masea a nang le tšoaetso ea HIV ho tšoaetso.,back_translation
Regular developmental checks monitor the child's milestones.,Ho hlahlojoa tsoelo-pele ea ngoana kamehla ho hlahloba hore na o na le nako e kae a ntse a hōla.,back_translation
Delayed milestones should be assessed by a healthcare professional.,Likarolo tsa bohlokoa tse ileng tsa lieha li lokela ho hlahlojoa ke setsebi sa tlhokomelo ea bophelo.,back_translation
Play and stimulation are essential for healthy brain development.,Ho bapala le ho susumetsa ke tsa bohlokoa hore boko bo hōle hantle.,back_translation
Read and talk to your baby from birth to support language development.,Bala 'me u buisane le lesea la hao ho tloha ha le hlaha e le hore le tšehetse tsoelo-pele ea puo.,back_translation
A safe home environment prevents childhood accidents and injuries.,Tikoloho e sireletsehileng ea lapeng e thibela likotsi le likotsi tsa bongoaneng.,back_translation
Keep sharp objects and cleaning products locked away from children.,Boloka lintho tse bohale le lintho tse hloekisang li le hōle le bana.,back_translation
Teach children to wash their hands before eating and after using the toilet.,Ruta bana ho hlapa matsoho pele ba ja le ka mor'a ho sebelisa ntloana.,back_translation
"Ensure children drink clean, safe water at all times.",Etsa bonnete ba hore bana ba noa metsi a hloekileng le a bolokehileng ka linako tsohle.,back_translation
School-age children should receive regular eye and hearing checks.,Bana ba lilemong tsa sekolo ba lokela ho hlahlojoa kamehla.,back_translation
Tuberculosis is spread through the air when an infected person coughs.,Lefuba le hasana moeeng ha motho ea tšoaelitsoeng a khohlela.,back_translation
TB symptoms include a persistent cough lasting more than two weeks.,Matšoao a TB a kenyelletsa ho khohlela ka nako e telele ho feta libeke tse peli.,back_translation
Cough into your elbow or a tissue to prevent spreading infection.,Ho khohlela ka mokokotlong kapa ka har'a lesela ho thibela tšoaetso hore e se ke ea ata.,back_translation
Open windows to improve ventilation and reduce TB transmission.,Bula lifensetere ho ntlafatsa moea o kenang le ho fokotsa ho fetisoa ha TB.,back_translation
TB is curable with a full course of treatment lasting six months.,Lefuba le ka phekoloa ka phekolo e feletseng ea likhoeli tse tšeletseng.,back_translation
Do not stop TB treatment early even if you feel better.,U se ke ua khaotsa ho phekola TB kapele le haeba u ikutloa u le betere.,back_translation
Drug-resistant TB requires a longer and more complex treatment.,Lefuba le sa sebetseng lithethefatsi le hloka kalafo e telele le e rarahaneng haholoanyane.,back_translation
HIV-positive people have a higher risk of developing TB.,Batho ba nang le tšoaetso ea HIV ba kotsing e kholo ea ho tšoaroa ke lefuba.,back_translation
Isoniazid preventive therapy reduces the risk of TB in HIV patients.,Kalafo ea thibelo ea isoniazid e fokotsa kotsi ea ho tšoaroa ke lefuba ho bakuli ba nang le HIV.,back_translation
"HIV is transmitted through unprotected sex, blood, and from mother to child.","HIV e fetisoa ka thobalano e sa sireletsoang, mali le ho tloha ho 'mè ho ea ho ngoana.",back_translation
"HIV is not transmitted through casual contact, hugging, or sharing food.","HIV ha e fetisoe ka ho kopana le motho ka linako tse ling, ka ho mo haka kapa ka ho ja hammoho.",back_translation
Use a condom every time you have sex to prevent HIV.,Sebelisa k'hontomo nako le nako ha u kopanela liphate ho thibela tšoaetso ea HIV.,back_translation
Male circumcision reduces the risk of HIV transmission.,Lebollo la banna le fokotsa kotsi ea ho fetisoa ha HIV.,back_translation
Pre-exposure prophylaxis reduces the risk of HIV infection.,Thibelo ea ho itšireletsa mafung pele ho ho pepeseha e fokotsa kotsi ea tšoaetso ea HIV.,back_translation
Test for HIV at least once a year if you are sexually active.,Ho hlahlojoa HIV bonyane hang ka selemo haeba u kopanela liphate.,back_translation
Antiretroviral therapy suppresses HIV and prevents transmission.,Kalafo ea antiviral e thibela tšoaetso ea HIV le ho e fetisetsa.,back_translation
An undetectable viral load means you cannot transmit HIV sexually.,Ho ba le moroalo oa vaerase o sa fumanoeng ho bolela hore u ke ke ua fetisetsa HIV ka thobalano.,back_translation
Take antiretroviral medication every day at the same time.,Nka meriana e khahlanong le li-retroviral letsatsi le leng le le leng ka nako e tšoanang.,back_translation
Never stop antiretroviral therapy without consulting your doctor.,Le ka mohla u se ke ua emisa kalafo ea antiretroviral ntle le ho buisana le ngaka ea hao.,back_translation
"Adherence to ART allows people with HIV to live long, healthy lives.",Ho latela ART ho etsa hore batho ba nang le HIV ba phele bophelo bo bolelele le bo phetseng hantle.,back_translation
Malaria is caused by a parasite transmitted through mosquito bites.,Malaria e bakoa ke likokoana-hloko tse fetisoang ke ho loma ha mosquito.,back_translation
Sleep under an insecticide-treated bed net every night.,Robala tlas'a letlooa la bethe le phekotsoeng ka likokoanyana bosiu bo bong le bo bong.,back_translation
Spray the inside of your home with insecticide to kill mosquitoes.,Tšela likokoanyana tse bolaeang likokoanyana ka hare ho ntlo ea hao.,back_translation
Remove standing water around your home to prevent mosquito breeding.,Tlosa metsi a emeng a pota-potileng ntlo ea hao e le hore u se ke ua tšoasa litšitšili.,back_translation
Seek medical care immediately if you develop fever after possible malaria exposure.,Batla tlhokomelo ea bongaka hang-hang haeba u e-na le feberu ka mor'a hore u pepese malaria.,back_translation
Malaria in pregnancy increases the risk of low birth weight.,Malaria nakong ea bokhachane e eketsa kotsi ea ho ba le boima bo tlaase ha motho a hlaha.,back_translation
Intermittent preventive treatment protects pregnant women from malaria.,Kalafo ea thibelo e sa khaotseng e sireletsa basali baimana ho malaria.,back_translation
Cholera is spread through contaminated water and food.,Kholera e hasana ka metsi le lijo tse silafetseng.,back_translation
Drink only boiled or treated water to prevent cholera.,Noa feela metsi a belang kapa a phekotsoeng ho thibela k'holera.,back_translation
Wash hands with soap and water before preparing food.,Hlatsoa matsoho ka sesepa le metsi pele u lokisetsa lijo.,back_translation
Cook food thoroughly to kill harmful bacteria.,Pheha lijo ka hloko e le hore u bolaee libaktheria tse kotsi.,back_translation
Refrigerate leftover food promptly to prevent bacterial growth.,Hang-hang beha lijo tse setseng ka sehatsetsing e le hore libaktheria li se ke tsa hōla.,back_translation
Typhoid fever is prevented by safe water and food hygiene.,Lefuba la typhoid le thibeloa ka metsi a hloekileng le bohloeki ba lijo.,back_translation
Hepatitis B is spread through blood and sexual contact.,Hepatitis B e hasana ka mali le ka ho kopanela liphate.,back_translation
The hepatitis B vaccine is safe and highly effective.,Ente ea hepatitis B e bolokehile ebile e sebetsa hantle haholo.,back_translation
Hepatitis C can be cured with a short course of antiviral medication.,Hepatitis C e ka phekoloa ka meriana e khahlanong le vaerase ka nako e khutšoanyane.,back_translation
Sexually transmitted infections increase the risk of HIV transmission.,Likokoana-hloko tse tšoaetsanoang ka thobalano li eketsa kotsi ea ho fetisoa ha HIV.,back_translation
Get tested for sexually transmitted infections regularly if sexually active.,Etsa tlhahlobo ea mafu a tšoaetsanoang ka thobalano khafetsa haeba u kopanela liphate.,back_translation
Many sexually transmitted infections have no symptoms.,Batho ba bangata ba tšoaetsanoang ka thobalano ha ba na matšoao.,back_translation
Gonorrhoea and chlamydia can cause infertility if left untreated.,Gonorrhea le chlamydia li ka baka ho se be le bana haeba li sa phekoloe.,back_translation
Syphilis can be treated with penicillin if detected early.,Syphilis e ka phekoloa ka penicillin haeba e fumanoa pele ho nako.,back_translation
Meningitis is a medical emergency — seek care immediately.,Meningitis ke boemo ba tšohanyetso ba bongaka  batla tlhokomelo hang-hang.,back_translation
"Symptoms of meningitis include stiff neck, fever, and sensitivity to light.","Matšoao a meningitis a kenyelletsa ho thatafala ha molala, feberu le ho ba le kutloisiso ea leseli.",back_translation
The meningococcal vaccine protects against bacterial meningitis.,Ente ea meningococcal e sireletsa khahlanong le meningitis ea baktheria.,back_translation
COVID-19 is spread through respiratory droplets and close contact.,COVID-19 e hasana ka marotholi a phefumoloho le ho kopana haufi-ufi.,back_translation
Wear a mask in crowded or poorly ventilated spaces.,Apara maske libakeng tse tletseng batho kapa tse nang le moea o fokolang.,back_translation
Wash your hands frequently with soap for at least 20 seconds.,Hlatsoa matsoho a hao khafetsa ka sesepa bonyane metsotsoana e 20.,back_translation
Stay home if you are sick to prevent spreading infection to others.,Lula hae haeba u kula e le hore u se ke ua fetisetsa tšoaetso ho ba bang.,back_translation
COVID-19 vaccination reduces the risk of severe illness.,Ente ea COVID-19 e fokotsa kotsi ea ho kula haholo.,back_translation
Influenza vaccination is recommended annually for high-risk groups.,Ho khothalletsoa ho entoa selemo le selemo bakeng sa batho ba kotsing e kholo ea ho tšoaroa ke sefuba.,back_translation
Pneumonia can be prevented by vaccination and good hygiene.,Pneumonia e ka thibeloa ka ho entoa le bohloeki bo botle.,back_translation
Seek medical care early if you have difficulty breathing.,Batla thuso ea bongaka esale pele haeba u e-na le bothata ba ho hema.,back_translation
"Diarrhoea spreads through contaminated water, food, and hands.","Lefuba le ata ka metsi a silafetseng, lijo le matsoho.",back_translation
Boil drinking water if you are unsure of its safety.,Pheha metsi a nooang haeba u sa kholiseha ka polokeho ea ona.,back_translation
Use a clean latrine and wash hands after using the toilet.,Sebelisa ntloana e hloekileng 'me u hlatsoe matsoho ka mor'a ho sebelisa ntloana.,back_translation
Schistosomiasis is prevented by avoiding contact with contaminated water.,Schistosomiasis e thibeloa ka ho qoba ho kopana le metsi a silafetseng.,back_translation
Intestinal worms are prevented by wearing shoes and washing hands.,Ho thibela likokoana-hloko tsa mala ke ho apara lieta le ho hlatsoa matsoho.,back_translation
Rabies is transmitted through the bite or scratch of an infected animal.,Bohale bo fetisoa ka ho loma kapa ho hlohlona ha phoofolo e tšoaelitsoeng.,back_translation
Seek medical care immediately after any animal bite.,Batla tlhokomelo ea bongaka hang-hang ka mor'a hore phoofolo e je.,back_translation
Wash an animal bite wound thoroughly with soap and water for 15 minutes.,Hlatsoa leqeba la ho loma ha phoofolo ka sesepa le metsi ka metsotso e 15.,back_translation
Post-exposure prophylaxis after animal bite prevents rabies.,Ho thibela mafu ka mor'a hore phoofolo e je ho thibela ho tšoaroa ke rabies.,back_translation
Tetanus is prevented by vaccination and wound care.,Tetanus e thibeloa ka ho entoa le ho hlokomela maqeba.,back_translation
Clean all wounds thoroughly to prevent tetanus infection.,Hloekisa maqeba 'ohle ka hloko ho thibela tšoaetso ea tetanus.,back_translation
Ebola is spread through direct contact with blood and body fluids.,Ebola e hasana ka ho kopana ka ho toba le mali le metsi a 'mele.,back_translation
Wear protective equipment when caring for patients with Ebola.,Apara lisebelisoa tsa ho itšireletsa ha u hlokomela bakuli ba nang le Ebola.,back_translation
Isolate patients with suspected Ebola immediately.,Qoba hang-hang bakuli ba belaelloang ka Ebola.,back_translation
Dengue fever is spread by daytime-biting mosquitoes.,Lefu la dengue le fetisoa ke menoang e loma motšehare.,back_translation
There is no specific treatment for dengue — manage symptoms and stay hydrated.,Ha ho na phekolo e tobileng ea lefu la dengue  laola matšoao le ho lula u le metsi.,back_translation
Seek medical care if dengue symptoms worsen rapidly.,Batla thuso ea bongaka haeba matšoao a lefu la dengue a mpefala ka potlako.,back_translation
Leprosy is curable with multidrug therapy.,Lefuba le ka phekoloa ka meriana e mengata.,back_translation
Early treatment of leprosy prevents permanent disability.,Kalafo ea pele ea lepera e thibela bokooa bo sa foleng.,back_translation
Trachoma is prevented by face washing and environmental hygiene.,Trachoma e thibeloa ka ho hlatsoa sefahleho le bohloeki ba tikoloho.,back_translation
River blindness is prevented by avoiding fast-flowing rivers in endemic areas.,Ho foufala ha linōka ho thibeloa ka ho qoba linōka tse phallang ka potlako libakeng tse nang le baahi.,back_translation
Sleeping sickness is transmitted by the tsetse fly.,Lefu la boroko le fetisoa ke ntša ea tsetse.,back_translation
Lymphatic filariasis is prevented by taking annual preventive medication.,Lymphatic filariasis e ka thibeloa ka ho noa meriana ea selemo le selemo ea thibelo.,back_translation
Soil-transmitted helminths affect millions of school-age children worldwide.,Li-helminths tse fetisoang ke mobu li ama bana ba limilione ba kenang sekolo lefatšeng ka bophara.,back_translation
Mass drug administration reduces the burden of neglected tropical diseases.,Ho sebelisoa ha lithethefatsi ka bongata ho fokotsa moroalo oa maloetse a tropike a hlokomolohuoang.,back_translation
Good hand hygiene is the single most effective way to prevent infection.,Bohloeki bo botle ba matsoho ke eona tsela e atlehang ka ho fetisisa ea ho thibela tšoaetso.,back_translation
Diabetes requires regular monitoring of blood glucose levels.,Lefu la tsoekere le hloka hore ho be le leihlo la kamehla la tsoekere maling.,back_translation
Check your blood glucose before meals and at bedtime.,Hlahloba tsoekere ea hao ea mali pele u ja le pele u robala.,back_translation
Keep a record of your blood glucose readings to share with your doctor.,Boloka rekoto ea litekanyo tsa hao tsa tsoekere ea mali e le hore u e arolelane le ngaka ea hao.,back_translation
A fasting blood glucose above 7 mmol/L may indicate diabetes.,Ho ba le tsoekere ea mali e fetang 7 mmol/L ka ho itima lijo ho ka bontša lefu la tsoekere.,back_translation
HbA1c measures your average blood glucose over three months.,HbA1c e lekanya tsoekere ea hao ea mali ka likhoeli tse tharo.,back_translation
Aim for an HbA1c below 7% to reduce diabetes complications.,Leka ho fumana HbA1c e ka tlaase ho 7% ho fokotsa mathata a lefu la tsoekere.,back_translation
"Diabetes complications include kidney disease, blindness, and nerve damage.","Mathata a lefu la tsoekere a akarelletsa lefu la liphio, bofofu le ho senyeha ha methapo.",back_translation
"Check your feet daily for cuts, blisters, or sores.","Hlahloba maoto a hao letsatsi le leng le le leng hore na a na le likotoana, maqeba kapa maqeba.",back_translation
"Wear comfortable, well-fitting shoes to protect your feet.",Apara lieta tse phutholohileng le tse loketseng ho sireletsa maoto a hao.,back_translation
Never walk barefoot if you have diabetes.,Le ka mohla u se ke ua tsamaea u se na maoto haeba u na le lefu la tsoekere.,back_translation
Attend a diabetic eye screening every year.,E-ba teng tlhahlobisong ea mahlo a lefu la tsoekere selemo le selemo.,back_translation
High blood pressure often has no symptoms and must be checked regularly.,Hangata khatello e phahameng ea mali ha e na matšoao 'me e lokela ho hlahlojoa kamehla.,back_translation
Blood pressure above 140/90 mmHg requires treatment.,Khatello ea mali e fetang 140/ 90 mmHg e hloka phekolo.,back_translation
Reduce salt intake to lower blood pressure.,Fokotsa letsoai le sebelisoang ho theola khatello ea mali.,back_translation
The DASH diet helps control blood pressure naturally.,Lijo tsa DASH li thusa ho laola khatello ea mali ka tlhaho.,back_translation
Regular physical activity lowers blood pressure.,Ho ikoetlisa kamehla ho fokotsa khatello ea mali.,back_translation
Aim for at least 150 minutes of moderate exercise per week.,Iphe pakane ea ho ikoetlisa bonyane metsotso e 150 ka beke.,back_translation
Lose weight if you are overweight to improve blood pressure control.,Fokotsa boima ba 'mele haeba u na le boima bo feteletseng e le hore u ka laola khatello ea mali.,back_translation
Quit smoking to reduce the risk of heart disease and stroke.,Khaotsa ho tsuba e le hore u fokotse kotsi ea ho tšoaroa ke lefu la pelo le stroke.,back_translation
Smoking doubles the risk of heart attack.,Ho tsuba ho etsa hore motho a be kotsing e imenne habeli ea ho hlaseloa ke pelo.,back_translation
Reduce alcohol consumption to lower blood pressure.,Fokotsa ho noa joala ho fokotsa khatello ea mali.,back_translation
Take blood pressure medication every day even if you feel well.,Nka meriana ea khatello ea mali letsatsi le leng le le leng esita le haeba u ikutloa hantle.,back_translation
Never stop blood pressure medication without consulting your doctor.,Le ka mohla u se ke ua emisa meriana ea khatello ea mali ntle le ho buisana le ngaka ea hao.,back_translation
High cholesterol increases the risk of heart attack and stroke.,Ho ba le k'holeseterole e phahameng ho eketsa kotsi ea lefu la pelo le stroke.,back_translation
A healthy diet low in saturated fat reduces cholesterol.,Lijo tse phetseng hantle tse se nang mafura a mangata li fokotsa k'holeseterole.,back_translation
Statins are effective at lowering cholesterol and preventing heart attacks.,Li-statin li thusa ho theola k'holeseterole le ho thibela lefu la pelo.,back_translation
Chest pain that spreads to the arm or jaw may be a heart attack.,Bohloko ba sefubeng bo fetelang letsohong kapa mohlaheng bo ka 'na ba baka lefu la pelo.,back_translation
Call emergency services immediately if you suspect a heart attack.,Bitsa litšebeletso tsa tšohanyetso hang-hang haeba u belaela hore u na le lefu la pelo.,back_translation
Chew an aspirin immediately if you suspect a heart attack.,"Haeba u belaela hore u na le lefu la pelo, u lokela ho hlafuna aspirin hang-hang.",back_translation
"Stroke symptoms include sudden face drooping, arm weakness, and speech difficulty.","Matšoao a stroke a kenyelletsa ho oa ha sefahleho ka tšohanyetso, ho fokola ha matsoho le ho thatafalloa ke ho bua.",back_translation
"Act FAST — Face, Arms, Speech, Time — if you suspect a stroke.","Etsa lintho kapele  Sefahleho, matsoho, puo, nako  haeba u belaela hore u na le stroke.",back_translation
Every minute counts during a stroke — seek emergency care immediately.,Motsotso o mong le o mong o bohlokoa nakong ea stroke  batla thuso ea tšohanyetso hang-hang.,back_translation
Asthma is a chronic condition that causes breathing difficulties.,Asthma ke boemo bo sa foleng bo bakang mathata a ho hema.,back_translation
Identify and avoid your asthma triggers.,Khetholla le ho qoba lintho tse bakang lefu la hao la asma.,back_translation
"Common asthma triggers include dust, pollen, smoke, and exercise.","Lintho tse tloaelehileng tse bakang lefu la asma li akarelletsa lerōle, phofo ea phofo, mosi le ho ikoetlisa.",back_translation
Use your reliever inhaler when you have asthma symptoms.,Sebelisa inhaler ea hao ea ho imolla ha u e-na le matšoao a lefu la asma.,back_translation
Use your preventer inhaler every day even when you feel well.,Sebelisa inhaler ea hao ea thibelo letsatsi le leng le le leng esita le ha u ikutloa hantle.,back_translation
Seek emergency care if your reliever inhaler is not helping.,Batla thuso ea tšohanyetso haeba sesebelisoa sa hao sa ho hema se sa thuse.,back_translation
Chronic obstructive pulmonary disease is caused mainly by smoking.,Ho tsuba ke sesosa se seholo sa lefu la matšoafo le thibelang ho tsuba.,back_translation
Quitting smoking is the most important treatment for COPD.,Ho khaotsa ho tsuba ke phekolo ea bohlokoa ka ho fetisisa ea COPD.,back_translation
Pulmonary rehabilitation improves breathing and quality of life in COPD.,Ho tsosolosoa ha matšoafo ho ntlafatsa phefumoloho le boleng ba bophelo ho COPD.,back_translation
Epilepsy is a neurological condition that causes recurrent seizures.,Epilepsy ke lefu la methapo ea kutlo le bakang ho tšoaroa ke mafu a tšoaetsanoang.,back_translation
Take epilepsy medication every day to prevent seizures.,Nka meriana ea lefu la sethoathoa letsatsi le leng le le leng e le hore u qobe ho tšoaroa ke sefuba.,back_translation
Do not stop epilepsy medication suddenly as this can trigger seizures.,U se ke ua emisa meriana ea ho tšoaroa ke lefu la sethoathoa ka tšohanyetso kaha sena se ka baka lintoa.,back_translation
"During a seizure, protect the person from injury but do not restrain them.","Nakong ea tlhaselo, sireletsa motho eo hore a se ke a lemala empa u se ke ua mo thibela.",back_translation
Do not put anything in the mouth of a person having a seizure.,U se ke ua kenya ntho leha e le efe ka hanong la motho ea nang le tlhaselo.,back_translation
Place the person in the recovery position after a seizure.,Etsa hore motho eo a fole ka mor'a hore a tšoaroe ke sefuba.,back_translation
Seek emergency care if a seizure lasts more than five minutes.,Batla thuso ea tšohanyetso haeba tlhaselo e nka nako e fetang metsotso e mehlano.,back_translation
Mental health conditions are medical conditions that require treatment.,Maemo a bophelo bo botle ba kelello ke maemo a bongaka a hlokang phekolo.,back_translation
"Depression is treatable with medication, therapy, or both.","Ho tepella maikutlo ho ka phekoloa ka meriana, phekolo kapa ka bobeli.",back_translation
Do not stop antidepressant medication without consulting your doctor.,U se ke ua khaotsa ho noa meriana e loantšang khatello ea maikutlo ntle le ho buisana le ngaka ea hao.,back_translation
Seek help immediately if you have thoughts of harming yourself.,Batla thuso hang-hang haeba u na le menahano ea ho intša kotsi.,back_translation
Schizophrenia requires long-term medication and support.,Schizophrenia e hloka meriana le tšehetso ea nako e telele.,back_translation
Kidney disease can be prevented by controlling blood pressure and diabetes.,Mafu a liphio a ka thibeloa ka ho laola khatello ea mali le lefu la tsoekere.,back_translation
Drink adequate water to support kidney function.,Noa metsi a lekaneng ho tšehetsa mosebetsi oa liphio.,back_translation
Reduce protein intake if you have advanced kidney disease.,Fokotsa liprotheine haeba u e-na le lefu la liphio le tsoetseng pele.,back_translation
Dialysis replaces the function of the kidneys when they fail.,Li-dialysis li nka sebaka sa mosebetsi oa liphio ha li hloleha.,back_translation
A kidney transplant can restore normal kidney function.,Ho fetisoa ha liphio ho ka tsosolosa ts'ebetso e tloaelehileng ea liphio.,back_translation
"Liver disease can be caused by alcohol, hepatitis, and obesity.","Lefu la sebete le ka bakoa ke joala, lefu la sebete le botenya.",back_translation
Avoid alcohol completely if you have liver disease.,Qoba joala ka ho feletseng haeba u e-na le lefu la sebete.,back_translation
Fatty liver disease is reversed by weight loss and healthy eating.,Ho lahleheloa ke boima ba 'mele le ho ja lijo tse phetseng hantle ho ka khutlisa lefu la sebete le mafura.,back_translation
Cancer screening detects cancer early when it is most treatable.,Tlhahlobo ea kankere e lemoha kankere e sa le hoseng ha e ka phekoloa hantle.,back_translation
Cervical cancer is prevented by HPV vaccination and regular Pap smears.,Kankere ea molala oa popelo e thibeloa ka ho entoa ka HPV le ka ho hlahlojoa kamehla ka Pap smears.,back_translation
Breast cancer screening involves a mammogram every two years after age 40.,Ho hlahloba kankere ea matsoele ho akarelletsa ho etsa mammogram lilemo tse ling le tse ling tse peli ka mor'a lilemo tse 40.,back_translation
Colorectal cancer screening is recommended from age 45.,Ho kgothaletswa hore motho a hlahlojoe kankere ea makhopho ho tloha ha a le lilemo li 45.,back_translation
Prostate cancer screening involves a PSA blood test.,Ho hlahloba kankere ea senya ho akarelletsa tlhahlobo ea mali ea PSA.,back_translation
Skin cancer is prevented by using sunscreen and avoiding excessive sun exposure.,Kankere ea letlalo e ka thibeloa ka ho sebelisa setlolo se sireletsang letsatsi le ho qoba ho pepesehela letsatsi ka ho feteletseng.,back_translation
Oral cancer risk is increased by smoking and alcohol.,Ho tsuba le ho noa joala ho eketsa kotsi ea kankere ea molomo.,back_translation
Chemotherapy kills cancer cells but also affects healthy cells.,Kalafo ea lik'hemik'hale e bolaea lisele tsa mofetše empa e boetse e ama lisele tse phetseng hantle.,back_translation
Radiation therapy uses high-energy rays to destroy cancer cells.,Kalafo ea mahlaseli e sebelisa mahlaseli a matla ho senya lisele tsa kankere.,back_translation
Palliative care focuses on comfort and quality of life for serious illness.,Tlhokomelo ea ho imoloha e lebisa tlhokomelo matšelisong le boleng ba bophelo bakeng sa mafu a tebileng.,back_translation
Hospice care supports patients and families at the end of life.,Tlhokomelo ea hospice e tšehetsa bakuli le malapa qetellong ea bophelo.,back_translation
"Anaemia causes fatigue, weakness, and shortness of breath.","Anemia e baka mokhathala, bofokoli le phefumoloho e thata.",back_translation
Iron-deficiency anaemia is treated with iron supplements and dietary changes.,Anemia e nang le khaello ea tšepe e phekoloa ka litlatsetso tsa tšepe le liphetoho lijong.,back_translation
Sickle cell disease is a genetic blood disorder requiring lifelong management.,Lefu la lisele tsa sickle ke lefu la lefutso la mali le hlokang ho phekoloa bophelo bohle.,back_translation
Hydroxyurea reduces the frequency of sickle cell crises.,Hydroxyurea e fokotsa ho ata ha linokoane tse nang le lisele tsa mokokotlo.,back_translation
Gout is caused by high uric acid levels in the blood.,Gout e bakoa ke maemo a phahameng a uric acid maling.,back_translation
Reduce red meat and alcohol intake to lower uric acid levels.,Fokotsa ho ja nama e khubelu le joala e le hore u fokotse litekanyetso tsa uric acid.,back_translation
Allopurinol lowers uric acid levels and prevents gout attacks.,Allopurinol e fokotsa litekanyo tsa uric acid 'me e thibela ho hlaseloa ke gout.,back_translation
Osteoporosis is prevented by adequate calcium and vitamin D intake.,Osteoporosis e thibeloa ka ho noa k'halsiamo le vithamine D ka ho lekaneng.,back_translation
Eat a variety of foods from all food groups every day.,Ja lijo tse sa tšoaneng tse tsoang lihlopheng tsohle tsa lijo letsatsi le leng le le leng.,back_translation
Fruits and vegetables provide essential vitamins and minerals.,Litholoana le meroho li fana ka livithamini le liminerale tsa bohlokoa.,back_translation
Eat at least five portions of fruit and vegetables per day.,Ja litholoana le meroho bonyane ka makhetlo a mahlano ka letsatsi.,back_translation
Whole grains provide more fibre and nutrients than refined grains.,Lijo tse feletseng li fana ka li-fiber le limatlafatsi tse ngata ho feta lijo-thollo tse hloekisitsoeng.,back_translation
"Reduce intake of sugar, salt, and saturated fat.","Fokotsa tsoekere, letsoai le mafura a mangata.",back_translation
Drink at least eight glasses of clean water per day.,Noa bonyane likhalase tse robeli tsa metsi a hloekileng ka letsatsi.,back_translation
"Dehydration causes headache, dizziness, and dark urine.","Ho hloka metsi ho baka hlooho e bohloko, ho ferekana kelellong le ho ba le moroto o lefifi.",back_translation
Breastfeeding is the best source of nutrition for infants.,Ho anyesa masea ke mohloli o motle ka ho fetisisa oa phepo e nepahetseng bakeng sa masea.,back_translation
Malnutrition weakens the immune system and increases infection risk.,Ho se je hantle ho fokolisa tsamaiso ea 'mele ea ho itšireletsa mafung le ho eketsa kotsi ea tšoaetso.,back_translation
Severe acute malnutrition requires therapeutic feeding.,Ho se je hantle haholo ho feteletseng ho hloka hore motho a fepe ka tsela ea phekolo.,back_translation
Vitamin A deficiency causes night blindness and increases infection risk.,Ho haella ha vithamine A ho etsa hore motho a foufale bosiu 'me ho eketsa kotsi ea tšoaetso.,back_translation
Iodine deficiency causes goitre and impairs brain development.,Ho haella ha iodine ho etsa hore ho be le goitre 'me ho sitisa boko ho hōla.,back_translation
Use iodised salt to prevent iodine deficiency.,Sebelisa letsoai le nang le iodine ho thibela khaello ea iodine.,back_translation
Iron deficiency is the most common nutritional deficiency worldwide.,Ho haella ha tšepe ke ho haella ha phepo e nepahetseng ho atileng ka ho fetisisa lefatšeng.,back_translation
"Eat iron-rich foods such as meat, beans, and dark leafy vegetables.","Ja lijo tse nang le tšepe e ngata tse kang nama, linaoa le meroho e nang le makhasi a lefifi.",back_translation
Vitamin C improves the absorption of iron from plant foods.,Vithamine C e ntlafatsa ho monya ha tšepe lijong tsa limela.,back_translation
Zinc supports immune function and wound healing.,Zinc e thusa hore tsamaiso ea 'mele ea ho itšireletsa mafung e sebetse le hore maqeba a fole.,back_translation
Calcium is essential for strong bones and teeth.,K'halsiamo e bohlokoa bakeng sa masapo le meno a matla.,back_translation
"Dairy products, fish, and leafy greens are good sources of calcium.","Lihlahisoa tsa lebese, litlhapi le meroho ea makhasi ke mehloli e metle ea k'halsiamo.",back_translation
Vitamin D is needed for calcium absorption.,Vithamine D e hlokahala bakeng sa ho monya khalsiamo.,back_translation
Sunlight exposure helps the body produce vitamin D.,Ho pepesehela letsatsi ho thusa 'mele ho hlahisa vithamine D.,back_translation
"Obesity increases the risk of diabetes, heart disease, and certain cancers.","Ho nona ho eketsa kotsi ea lefu la tsoekere, lefu la pelo le kankere e itseng.",back_translation
Maintain a healthy weight through balanced diet and regular exercise.,Boloka boima ba 'mele bo phetseng hantle ka ho ja lijo tse leka-lekaneng le ho ikoetlisa kamehla.,back_translation
"Avoid ultra-processed foods high in sugar, salt, and unhealthy fats.","Qoba lijo tse nang le tsoekere e ngata, letsoai le mafura a sa pheleng hantle.",back_translation
Read food labels to understand what you are eating.,Bala mabitso a lijo ho utloisisa seo u se jang.,back_translation
Cook with healthy oils such as canola or olive oil.,Pheha ka oli e phetseng hantle e kang canola kapa oli ea mohloaare.,back_translation
Limit red meat to two to three servings per week.,Fokotsa nama e khubelu ho isa ho tse peli kapa tse tharo ka beke.,back_translation
Eat fish at least twice a week for heart-healthy omega-3 fatty acids.,Ja litlhapi bonyane ka makhetlo a mabeli ka beke e le hore u fumane mafura a omega-3 a nang le phepo e nepahetseng ea pelo.,back_translation
Legumes such as lentils and beans are excellent sources of protein.,Li-legumes tse kang lilense le linaoa ke mehloli e metle ea liprotheine.,back_translation
"Nuts and seeds provide healthy fats, protein, and fibre.","Litholoana tsa linate le peo li fana ka mafura, liprotheine le fiber tse phetseng hantle.",back_translation
Wash hands with soap before preparing or eating food.,Hlatsoa matsoho ka sesepa pele u lokisa kapa u ja lijo.,back_translation
Wash all raw fruits and vegetables before eating.,Hlatsoa litholoana tsohle tse tala le meroho pele u ja.,back_translation
Keep raw meat separate from cooked food to prevent contamination.,Boloka nama e tala e arohane le lijo tse phehiloeng e le hore e se ke ea silafala.,back_translation
Use separate cutting boards for meat and vegetables.,Sebelisa mapolanka a fapaneng a ho itšeha nama le meroho.,back_translation
Cook meat to the correct internal temperature to kill bacteria.,Pheha nama ka mocheso o nepahetseng oa ka hare ho bolaea libaktheria.,back_translation
Refrigerate perishable foods within two hours of cooking.,Pheha lijo tse senyehang ka sehatsetsing ka mor'a lihora tse peli u li phehile.,back_translation
Do not eat food that smells or looks spoiled.,U se ke ua ja lijo tse nkhang hampe kapa tse shebahalang li senyehile.,back_translation
Safe food storage prevents foodborne illness.,Ho boloka lijo ka tsela e sireletsehileng ho thibela mafu a tšoaetsanoang ke lijo.,back_translation
Clean and disinfect food preparation surfaces regularly.,Hloekisa le ho bolaea likokoana-hloko ka linako tsohle.,back_translation
Wash dishes and utensils with hot soapy water.,Hlatsoa lijana le lijana ka metsi a chesang a sesepa.,back_translation
Brush your teeth twice a day with fluoride toothpaste.,Hlatsoa meno habeli ka letsatsi ka setlolo sa meno se nang le fluoride.,back_translation
Floss between your teeth once a day.,Hang ka letsatsi u lokela ho phunya meno a hao.,back_translation
Visit your dentist for a check-up every six months.,E-ea ho ngaka ea meno 'me u e hlahlobe likhoeli tse ling le tse ling tse tšeletseng.,back_translation
Reduce sugary food and drinks to prevent tooth decay.,Fokotsa lijo le lino tse nang le tsoekere ho thibela ho bola ha meno.,back_translation
Fluoride strengthens tooth enamel and prevents cavities.,Fluoride e matlafatsa enamel ea meno 'me e thibela ho ruruha ha meno.,back_translation
Wash your hands before eating and after using the toilet.,Hlatsoa matsoho pele u ja le ka mor'a ho sebelisa ntloana.,back_translation
Use soap and water for at least 20 seconds when washing hands.,Sebelisa sesepa le metsi bonyane metsotsoana e 20 ha u hlatsoa matsoho.,back_translation
Alcohol-based hand sanitiser is effective when soap is not available.,Sesebelisoa se hloekisang matsoho se nang le joala se sebetsa hantle ha sesepa se le sieo.,back_translation
Bathe or shower daily to maintain personal hygiene.,Hlatsoa kapa u hlape letsatsi le leng le le leng e le hore u lule u hloekile.,back_translation
Change and wash clothing regularly to prevent skin infections.,Fetolela liaparo le ho li hlatsoa khafetsa e le hore u qobe tšoaetso ea letlalo.,back_translation
Keep your home clean and well-ventilated.,Boloka ntlo ea hao e hloekile 'me e fofa hantle.,back_translation
Dispose of waste properly to prevent disease-carrying insects.,Lahla litšila ka tsela e nepahetseng ho thibela likokoanyana tse tšoarang maloetse.,back_translation
Use a covered rubbish bin to prevent flies and rodents.,Sebelisa sebaka se koahetsoeng sa lithōle ho thibela lintsintsi le likokoanyana.,back_translation
Clean your toilet regularly with disinfectant.,Hloekisa ntloana ea hao kamehla ka ho sebelisa sesebelisoa se bolaeang likokoana-hloko.,back_translation
Safe water storage prevents contamination after collection.,Ho boloka metsi ka mokhoa o sireletsehileng ho thibela tšilafalo ka mor'a ho a bokella.,back_translation
Cover water storage containers to prevent mosquito breeding.,Koala likotlolo tsa metsi ho thibela ho ikatisa ha lintsintsi.,back_translation
Boil water for one minute to make it safe for drinking.,Pheha metsi ka motsotso o le mong e le hore a bolokehe bakeng sa ho nooa.,back_translation
Water purification tablets can make unsafe water safe to drink.,Li-tablet tsa ho hloekisa metsi li ka etsa hore metsi a sa sireletsehang a bolokehe ho noa.,back_translation
Good sanitation and hygiene prevent the spread of many diseases.,Tlhoekiso e ntle le bohloeki li thibela ho ata ha maloetse a mangata.,back_translation
Open defecation spreads disease — always use a latrine or toilet.,Ho qhalana ka ntle ho bulehileng ho jala lefu  kamehla sebelisa ntloana ea ho hlapela kapa ntloana.,back_translation
Call emergency services immediately in a life-threatening situation.,Bitsa litšebeletso tsa tšohanyetso hang-hang maemong a sokelang bophelo.,back_translation
Keep emergency numbers visible in your home.,Boloka linomoro tsa maemo a tšohanyetso li bonahala ka tlung ea hao.,back_translation
Check for danger before approaching an accident scene.,Hlahloba hore na ho na le kotsi pele u atamela sebaka sa kotsi.,back_translation
Check if the person is conscious by calling their name and tapping their shoulder.,Hlahloba hore na motho eo o se a ntse a e-na le letsoalo ka ho bitsa lebitso la hae le ka ho otla lehetla la hae.,back_translation
"If the person is unconscious and not breathing, start CPR immediately.","Haeba motho eo a sa tsebe letho 'me a sa phefumolohe, qala ho phomola hang-hang.",back_translation
Place the heel of your hand on the centre of the chest for CPR.,Beha letheka la letsoho la hao bohareng ba sefubeng bakeng sa CPR.,back_translation
Press down firmly and fast — 100 to 120 compressions per minute.,Tobetsa ka matla le ka potlako  100 ho isa ho 120 ka motsotso.,back_translation
Give 30 chest compressions followed by two rescue breaths.,Fana ka khatello ea sefubeng ea 30 e lateloang ke phefumoloho e 'meli ea pholoso.,back_translation
Continue CPR until emergency services arrive.,Tsoela pele ka ho phomola ho fihlela litšebeletso tsa tšohanyetso li fihla.,back_translation
Use an automated external defibrillator as soon as one is available.,Sebelisa defibrillator e ikemetseng ea ka ntle hang ha e fumaneha.,back_translation
Place an unconscious breathing person in the recovery position.,Beha motho ea sa tsebeng letho ea phefumolohang boemong ba ho hlaphoheloa.,back_translation
Tilt the head back and lift the chin to open the airway.,Tlohela hlooho morao 'me u phahamise semumu e le hore u bule tsela ea ho hema.,back_translation
A choking adult should be given five back blows followed by five abdominal thrusts.,Motho e moholo ea nyoriloeng o lokela ho otloa ka makhetlo a mahlano ka morao 'me a lateloe ke ho sutumetsoa ha mpa ka makhetlo a mahlano.,back_translation
Do not perform abdominal thrusts on a pregnant woman or infant.,U se ke ua beha mpa ka mpeng ea mosali eaimana kapa lesea.,back_translation
"For a choking infant, give five back blows between the shoulder blades.","Bakeng sa lesea le nyoriloeng, le lokela ho otloa ka makhetlo a mahlano ka morao pakeng tsa mahetla.",back_translation
"Control bleeding by applying firm, direct pressure to the wound.","Laola ho tsoa mali ka ho sebelisa matla, ho hatella leqeba ka ho toba.",back_translation
Elevate a bleeding limb above the level of the heart.,Phahamisa setho se nang le mali ka holimo ho pelo.,back_translation
Do not remove an object embedded in a wound.,U se ke ua tlosa ntho e kenngoa leqeba.,back_translation
Apply a tourniquet only for life-threatening limb bleeding.,Sebelisa turniquet feela bakeng sa ho tsoa mali a kotsi.,back_translation
Clean a wound with clean running water for at least five minutes.,Hlatsoa ntho e leqeba ka metsi a hloekileng a phallang bonyane metsotso e mehlano.,back_translation
Cover a clean wound with a sterile dressing.,Koala ntho e hloekileng ka seaparo se sa hloekang.,back_translation
"Seek medical care for deep, dirty, or animal bite wounds.","Batla tlhokomelo ea bongaka bakeng sa maqeba a tebileng, a litšila kapa a loma ke phoofolo.",back_translation
"For burns, cool the burn with cool running water for 20 minutes.","Bakeng sa ho chesoa, pholisa ho chesoa ka metsi a pholileng a phallang metsotso e 20.",back_translation
"Do not apply ice, butter, or toothpaste to a burn.","U se ke ua sebelisa leqhoa, botoro kapa sesepa sa meno ha u chesa.",back_translation
"Cover a burn with a clean, non-fluffy material.","Koala ho chesoa ka lintho tse hloekileng, tse se nang li-fluffy.",back_translation
Seek medical care for burns larger than the size of the patient's hand.,Batla tlhokomelo ea bongaka bakeng sa ho chesoa ho fetang boholo ba letsoho la mokuli.,back_translation
"For a suspected broken bone, immobilise the limb and seek medical care.","Haeba ho belaelloa hore masapo a robehile, emisa ho tsamaea 'me u batle thuso ea bongaka.",back_translation
Do not try to straighten a suspected fracture.,U se ke ua leka ho lokisa ho robeha ho belaelloang.,back_translation
"For a spinal injury, do not move the person unless they are in danger.","Bakeng sa kotsi ea mokokotlo, u se ke ua tsamaisa motho eo ntle le haeba a le kotsing.",back_translation
"For a nosebleed, lean forward and pinch the soft part of the nose.","Haeba u tsoa mali ka nko, u lokela ho otlolla sefahleho ebe u hatakela karolo e bonolo ea nko.",back_translation
Hold the nose for 10 minutes without releasing.,Tšoara nko ka metsotso e 10 u sa e lokolle.,back_translation
Seek medical care if a nosebleed does not stop after 20 minutes.,Batla tlhokomelo ea bongaka haeba mali a tsoang nko a sa khaotse ka mor'a metsotso e 20.,back_translation
"For a suspected poisoning, call the poison control centre immediately.","Haeba u belaela hore u na le chefo, letsetsa setsi sa thibelo ea chefo hang-hang.",back_translation
Do not induce vomiting unless instructed by a medical professional.,U se ke ua hlohlelletsa ho hlatsa ntle le haeba u laetsoe ke setsebi sa bongaka.,back_translation
"For an electric shock, do not touch the person until the power is off.","Haeba ho e-na le motlakase, u se ke ua ama motho eo ho fihlela motlakase o tima.",back_translation
"For a drowning victim, remove from water and start CPR if not breathing.","Bakeng sa motho ea imelang, tlosa metsi 'me u qale ho phomola ka pelo haeba a sa phefumolohe.",back_translation
"For a snake bite, keep the person calm and immobilise the bitten limb.","Ha noha e loma motho eo, mo boloke a khobile matšoafo 'me u thibele setho se lomalitsoeng.",back_translation
"Do not cut, suck, or apply a tourniquet to a snake bite.","U se ke ua khaola, ua anya kapa ua sebelisa li-turniquet ha u loma noha.",back_translation
Transport snake bite victims to hospital as quickly as possible.,Fetisetsa batho ba lemetseng ho loma linoha sepetlele kapele kamoo ho ka khonehang.,back_translation
"For anaphylaxis, administer epinephrine immediately if available.","Bakeng sa anaphylaxis, fa epinephrine hang-hang haeba e fumaneha.",back_translation
Lay the person flat and elevate the legs during anaphylactic shock.,Beha motho eo fatše 'me u phahamise maoto nakong ea ho ts'oaroa ke anaphylactic.,back_translation
Call emergency services immediately for anaphylaxis.,Bitsa litšebeletso tsa tšohanyetso hang-hang bakeng sa anaphylaxis.,back_translation
"For a diabetic hypoglycaemic episode, give sugar or a sweet drink.","Bakeng sa lefu la tsoekere le nang le lefu la tsoekere, fa tsoekere kapa seno se monate.",back_translation
"If the person is unconscious, do not give anything by mouth.","Haeba motho eo a hloka tsebo, u se ke ua mo fa letho ka molomo.",back_translation
"For heat stroke, move the person to a cool place and cool them rapidly.","Bakeng sa ho chesoa ke mocheso, isa motho sebakeng se pholileng 'me u mo pholile ka potlako.",back_translation
"For hypothermia, warm the person gradually with blankets.","Bakeng sa hypothermia, futhumatsa motho butle-butle ka likobo.",back_translation
"For a seizure, protect the person from injury and time the seizure.","Ha motho a tšoaroa ke sefuba, mo sireletse hore a se ke a tsoa likotsi 'me u mo fe nako ea hore a tšoaroe ke sefuba.",back_translation
Do not restrain a person having a seizure.,U se ke ua thibela motho ea nang le tlhaselo.,back_translation
"For an eye injury, do not rub the eye.","Haeba u lemetse leihlo, u se ke ua le phunya.",back_translation
Flush a chemical eye injury with clean water for 15 to 20 minutes.,Hlatsoa leihlo le lemetseng ka lik'hemik'hale ka metsi a hloekileng metsotso e 15 ho isa ho e 20.,back_translation
"For a dislocated joint, immobilise and seek medical care.","Haeba u e-na le mokokotlo o senyehileng, u se ke ua tsamaea 'me u batle thuso ea bongaka.",back_translation
"For a suspected heart attack, give aspirin and call emergency services.","Haeba u belaela hore u na le lefu la pelo, u lokela ho fana ka aspirin 'me u letsetse litšebeletso tsa tšohanyetso.",back_translation
"For a stroke, note the time of symptom onset and call emergency services.","Ha u e-na le stroke, hlokomela nako eo matšoao a qalang ka eona 'me u letsetse litšebeletso tsa tšohanyetso.",back_translation
Keep a well-stocked first aid kit in your home and vehicle.,Boloka thepa e lekaneng ea liphallelo tsa pele lapeng la hao le koloing.,back_translation
Check and replace expired items in your first aid kit regularly.,Hlahloba le ho nkela lintho tse sa sebetseng tse ka kiteng ea hau ea thuso ea pele sebaka kamehla.,back_translation
Learn basic first aid — it can save a life.,Ithute thuso ea pele ea motheo e ka pholosang bophelo.,back_translation
Attend a first aid course to learn life-saving skills.,E-ea thupelong ea liphallelo tsa pele e le hore u ithute tsebo e pholosang bophelo.,back_translation
Stay calm in an emergency — panic makes the situation worse.,Lula u khobile matšoafo maemong a tšohanyetso  Tšabo e mpefatsa boemo.,back_translation
Reassure the injured person while waiting for help.,Khothatsa motho ea lemetseng ha a ntse a emetse thuso.,back_translation
Do not leave an injured or unconscious person alone.,U se ke ua tlohela motho ea lemetseng kapa ea sa tsebeng letho a le mong.,back_translation
Mental health is as important as physical health.,Bophelo bo botle ba kelello bo bohlokoa joaloka bophelo bo botle ba 'mele.,back_translation
One in four people will experience a mental health problem in their lifetime.,Motho a le mong ho ba bane o tla ba le bothata ba kelello bophelong ba hae.,back_translation
Mental illness is not a sign of weakness.,Ho kula kelellong hase pontšo ea bofokoli.,back_translation
Seek help early if you are struggling with your mental health.,Batla thuso esale pele haeba u loana le mathata a kelello.,back_translation
Talking to someone you trust can help when you are feeling low.,Ho bua le motho eo u mo tšepang ho ka u thusa ha u ikutloa u nyahame.,back_translation
Depression is more than just feeling sad — it is a medical condition.,Ho tepella maikutlo ha ho bolele feela hore u utloile bohloko.,back_translation
"Symptoms of depression include persistent sadness, loss of interest, and fatigue.","Matšoao a ho tepella maikutlo a kenyelletsa ho lula u saretsoe, ho lahleheloa ke thahasello le mokhathala.",back_translation
Anxiety is a normal response to stress but can become a disorder.,Ho tšoenyeha ke tsela e tloaelehileng ea ho sebetsana le khatello ea maikutlo empa ho ka fetoha bothata.,back_translation
"Symptoms of anxiety include excessive worry, restlessness, and difficulty sleeping.","Matšoao a ho tšoenyeha a akarelletsa ho tšoenyeha haholo, ho tšoenyeha le ho hlobaela.",back_translation
Cognitive behavioural therapy is an effective treatment for depression and anxiety.,Kalafo ea boitšoaro ea kelello ke phekolo e atlehang ea ho tepella maikutlo le ho tšoenyeha.,back_translation
Antidepressants take two to four weeks to show their full effect.,Li-antidepressant li nka libeke tse peli ho isa ho tse 'nè hore li bontše phello ea tsona e feletseng.,back_translation
Do not stop antidepressants suddenly — reduce the dose gradually.,U se ke ua khaotsa ho sebelisa lithethefatsi tse loantšang khatello ea maikutlo ka tšohanyetso  fokotsa tekanyo butle-butle.,back_translation
Post-traumatic stress disorder can develop after a traumatic event.,Ho ka 'na ha e-ba le khatello ea maikutlo ka mor'a hore ho hlahe ntho e bohloko.,back_translation
"PTSD symptoms include flashbacks, nightmares, and avoidance.","Matšoao a PTSD a kenyelletsa ho hopola lintho tse etsahetseng, litoro tse bohloko le ho li qoba.",back_translation
Trauma-focused therapy is effective for PTSD.,Phekolo e shebaneng le ho lemala ha kelello e sebetsa hantle bakeng sa PTSD.,back_translation
Bipolar disorder involves episodes of mania and depression.,Ho tšoaroa ke lefu la bipolar ho akarelletsa ho tšoaroa ke mania le ho tepella maikutlo.,back_translation
Mood stabilisers help control the symptoms of bipolar disorder.,Lisebelisoa tsa ho tsitsisa maikutlo li thusa ho laola matšoao a lefu lena.,back_translation
Schizophrenia is a serious mental illness that affects thinking and perception.,Schizophrenia ke lefu le tebileng la kelello le amang monahano le maikutlo.,back_translation
Antipsychotic medication is the main treatment for schizophrenia.,Meriana e khahlanong le mafu a kelello ke eona e ka sehloohong e ka phekolang lefu la 'dementia'.,back_translation
Regular follow-up is essential for managing schizophrenia.,Tlhokomelo ea kamehla ke ea bohlokoa bakeng sa ho laola lefu la schizophrenia.,back_translation
Substance use disorders are treatable medical conditions.,Mathata a bakoang ke ho sebelisa lithethefatsi a ka phekoloa.,back_translation
Alcohol dependence requires medical supervision during withdrawal.,Ho itšetleha ka joala ho hloka tlhokomelo ea bongaka nakong ea ho khaotsa ho noa.,back_translation
Seek help from a healthcare provider to quit smoking.,Kōpa thuso ho mofani oa tlhokomelo ea bophelo hore u khaotse ho tsuba.,back_translation
Nicotine replacement therapy doubles the chances of quitting smoking.,Kalafo ea ho nka nicotine e tla eketsa menyetla ea ho khaotsa ho tsuba ka makhetlo a mabeli.,back_translation
Drug rehabilitation programmes support recovery from substance use.,Mananeo a ntlafatso ea lithethefatsi a tšehetsa ho hlaphoheloa ha motho ha a sebelisitse lithethefatsi.,back_translation
Suicide is preventable — seek help immediately if you have suicidal thoughts.,Ho ka thibeloa ho ipolaea  batla thuso hang-hang haeba u na le menahano ea ho ipolaea.,back_translation
Talk openly about suicide — asking does not increase the risk.,Ho bua phatlalatsa ka ho ipolaea  ho botsa ha ho eketse kotsi.,back_translation
Remove access to means of self-harm during a mental health crisis.,Tlosa mokhoa oa ho iketsa kotsi nakong ea koluoa ea kelello.,back_translation
Crisis helplines provide immediate support for mental health emergencies.,Mehala ea thuso ea likoluoa e fana ka tšehetso e potlakileng bakeng sa maemo a tšohanyetso a bophelo bo botle ba kelello.,back_translation
Support from family and friends is vital for mental health recovery.,Tšehetso e tsoang ho ba lelapa le metsoalle ke ea bohlokoa bakeng sa ho hlaphoheloa kelellong.,back_translation
Stigma prevents many people from seeking mental health care.,Batho ba bangata ha ba fumane tlhokomelo ea kelello ka lebaka la ho tšoaroa hampe.,back_translation
Educating communities about mental health reduces stigma.,Ho ruta sechaba ka bophelo bo botle ba kelello ho fokotsa ho nyenyefatsoa.,back_translation
Children and adolescents can also experience mental health problems.,Bana le bacha le bona ba ka ba le mathata a kelello.,back_translation
Bullying increases the risk of depression and anxiety in young people.,Ho hlekefetsoa ho eketsa kotsi ea ho tepella maikutlo le ho tšoenyeha ho bacha.,back_translation
Screen time should be limited for children's mental well-being.,Nako ea ho shebella skrine e lokela ho ba e fokolang bakeng sa bophelo bo botle ba kelello ba bana.,back_translation
Physical activity improves mood and reduces symptoms of depression.,Ho ikoetlisa ho ntlafatsa maikutlo le ho fokotsa matšoao a ho tepella maikutlo.,back_translation
Regular exercise releases endorphins that improve mental well-being.,Ho ikoetlisa kamehla ho lokolla li-endorphin tse ntlafatsang bophelo ba kelello.,back_translation
Adequate sleep is essential for mental health.,Boroko bo lekaneng ke ba bohlokoa bakeng sa bophelo bo botle ba kelello.,back_translation
Adults need seven to nine hours of sleep per night.,Batho ba baholo ba hloka ho robala lihora tse supileng ho isa ho tse robong ka bosiu.,back_translation
Poor sleep worsens symptoms of depression and anxiety.,Ho robala hantle ho mpefatsa matšoao a ho tepella maikutlo le ho tšoenyeha.,back_translation
Establish a regular sleep routine to improve sleep quality.,Etsa hore u robale kamehla e le hore u ntlafatse boleng ba boroko ba hao.,back_translation
Limit caffeine and screen use before bedtime.,Fokotsa ho noa caffeine le ho sebelisa li-screen pele u robala.,back_translation
Mindfulness and meditation reduce stress and improve mental well-being.,Ho nahanisisa le ho thuisa ho fokotsa khatello ea maikutlo le ho ntlafatsa bophelo ba kelello.,back_translation
Deep breathing exercises can reduce anxiety quickly.,Ho ikoetlisa ka ho hema ka botebo ho ka fokotsa matšoenyeho kapele.,back_translation
Social connection protects against depression and loneliness.,Ho ba le kamano e ntle le batho ba bang ho ba sireletsa hore ba se ke ba nyahama le ho jeoa ke bolutu.,back_translation
Volunteering and helping others improves mental well-being.,Ho ithaopa le ho thusa ba bang ho ntlafatsa bophelo ba kelello.,back_translation
Set realistic goals to build confidence and reduce stress.,Ipehele lipakane tse utloahalang tse tla u thusa hore u itšepe le ho fokotsa khatello ea maikutlo.,back_translation
Practise gratitude daily to improve mental outlook.,Itloaetse ho leboha letsatsi le leng le le leng e le hore u ntlafatse tsela eo u talimang lintho ka eona.,back_translation
Spend time in nature to reduce stress and improve mood.,Iphe nako ea ho phomola ka tlhaho e le hore u fokotse khatello ea maikutlo le ho ntlafatsa maikutlo.,back_translation
Hobbies and creative activities support mental well-being.,Ho itlosa bolutu le mesebetsi ea ho bōpa ho tšehetsa bophelo bo botle ba kelello.,back_translation
Work-life balance is important for long-term mental health.,Ho leka-lekanya mosebetsi le bophelo ba motho ke habohlokoa bakeng sa bophelo bo botle ba kelello ka nako e telele.,back_translation
"Recognise the signs of burnout — exhaustion, cynicism, and reduced performance.","Tseba matšoao a ho felloa ke matla  ho khathala, ho ba le masisa-pelo le ho fokotseha ha mosebetsi.",back_translation
Take regular breaks during work to maintain focus and well-being.,Etsa khefu khafetsa nakong ea mosebetsi e le hore u lule u tsepamisitse maikutlo le ho phela hantle.,back_translation
Grief is a normal response to loss and takes time.,Ho sareloa ke tsela e tloaelehileng ea ho itšoara ha motho a hlokahalletsoe 'me ho nka nako.,back_translation
Seek professional support if grief is interfering with daily life.,Batla tšehetso ea litsebi haeba masoabi a sitisa bophelo ba letsatsi le letsatsi.,back_translation
Dementia is a progressive condition affecting memory and thinking.,Lefu la kelello ke boemo bo tsoelang pele bo amang mohopolo le ho nahana.,back_translation
Early diagnosis of dementia allows for better planning and support.,Ho fumanoa ha 'dementia esale pele ho etsa hore ho be le moralo le tšehetso e molemo.,back_translation
Cognitive stimulation activities help maintain brain function in dementia.,Mesebetsi ea ho susumetsa kelello e thusa ho boloka boko bo sebetsa hantle ha motho a e-na le 'dementia'.,back_translation
Carers of people with dementia need support and respite.,Batho ba hlokomelang batho ba nang le 'dementia' ba hloka tšehetso le phomolo.,back_translation
A healthy lifestyle in midlife reduces the risk of dementia.,Mokhoa o phetseng hantle oa bophelo bo botle bohareng ba lilemo o fokotsa kotsi ea 'dementia'.,back_translation
